year,avg_demand_mw,peak_demand_mw
2015,29967.901083634344,53112.0
2016,31337.760473588343,56391.0
2017,30651.998230593606,55218.0
2018,31781.65583025112,56609.0
