model,mae,rmse,mape,f1_macro,accuracy
statsmodels_baseline,5341.071978858276,6271.559526843068,17.953332414046795,,
xgboost_demand_model,454.7442999264072,613.5190099842698,1.3951031995336634,,
peak_risk_classifier,,,,0.9216071497943844,0.9448592762780011
