{
  "statsmodels": {
    "mae": 5341.071978858276,
    "rmse": 6271.559526843068,
    "mape": 17.953332414046795
  },
  "xgboost": {
    "mae": 454.7442999264072,
    "rmse": 613.5190099842698,
    "mape": 1.3951031995336634
  }
}