{
  "accuracy": 0.9448592762780011,
  "precision_macro": 0.9130899401277505,
  "recall_macro": 0.9351491597783278,
  "f1_macro": 0.9216071497943844,
  "confusion_matrix": [
    [
      3471,
      177,
      0
    ],
    [
      29,
      876,
      26
    ],
    [
      0,
      56,
      588
    ]
  ],
  "classification_report": {
    "0": {
      "precision": 0.9917142857142857,
      "recall": 0.9514802631578947,
      "f1-score": 0.9711807498601007,
      "support": 3648.0
    },
    "1": {
      "precision": 0.7899008115419297,
      "recall": 0.9409237379162191,
      "f1-score": 0.8588235294117647,
      "support": 931.0
    },
    "2": {
      "precision": 0.9576547231270358,
      "recall": 0.9130434782608695,
      "f1-score": 0.9348171701112877,
      "support": 644.0
    },
    "accuracy": 0.9448592762780011,
    "macro avg": {
      "precision": 0.9130899401277505,
      "recall": 0.9351491597783278,
      "f1-score": 0.9216071497943844,
      "support": 5223.0
    },
    "weighted avg": {
      "precision": 0.9515414534798128,
      "recall": 0.9448592762780011,
      "f1-score": 0.9466694120091269,
      "support": 5223.0
    }
  }
}